entry_id,invoice_id,expected_amount,received_amount,customer_name,due_date,status,payment_ref
LED-857854,INV-2026-5656,3791.6,,"Marks, Borer and Schimmel",2026-08-29,pending,pay_HfxIyUbgUExlYn
LED-599219,INV-2026-9275,2162.81,,"VonRueden, Graham and Kub",2026-08-16,pending,pay_Kt3P0WpQGNgfgA
LED-463805,INV-2026-7023,4992,,Lesch Group,2026-08-08,pending,pay_cgZGC1QWkjYPsw
LED-130754,INV-2026-4190,4814.8,,Zemlak Inc,2026-08-27,pending,pay_Jo21llumCX7hQe
LED-174769,INV-2026-1925,4221.69,,Kreiger - Feil,2026-08-19,pending,
LED-685757,INV-2026-7401,599.39,,Wiegand - Pagac,2026-08-23,pending,
LED-828277,INV-2026-7661,3107.39,,"Goldner, Lockman and Fisher",2026-08-28,pending,
LED-756128,INV-2026-6194,4389.19,,"Miller, Lockman and Kshlerin",2026-09-01,pending,pay_Gx50HAqxCJfz51
LED-953855,INV-2026-8986,4786.25,,Wolff - Cremin,2026-08-18,pending,pay_jGz7AEvGBnWOts
LED-935484,INV-2026-1542,751.89,,Schmeler and Sons,2026-08-22,pending,pay_5hpN68z5TD6P0o
LED-714984,INV-2026-0782,2397.4,,Huel - Quitzon,2026-08-08,pending,
LED-961145,INV-2026-1446,3259.39,,"Lemke, Littel and Boyer",2026-08-31,pending,pay_kldvPCJ84nRBSu
LED-693312,INV-2026-7449,4052,,Goldner - West,2026-08-31,pending,pay_QY280N2WDLtL7t
LED-538517,INV-2026-1285,2252.49,,"Hamill, Olson and Franey",2026-08-07,pending,pay_XEWNaf01SLq047
LED-603765,INV-2026-0745,1195.75,,Kemmer - Haag,2026-08-18,pending,pay_9YD9Xd6NtpXnfM
LED-853891,INV-2026-5171,1379.79,,"Koss, Koepp and Monahan",2026-08-12,pending,pay_8LQGIr9Hf8Me86
LED-824248,INV-2026-0818,4023.51,,Kozey-Nitzsche Group,2026-08-29,pending,pay_p8RV7H8gdjpzvu
LED-830467,INV-2026-2074,575.89,,Dach and Sons,2026-08-19,pending,pay_OCR8kN2myjHEBM
LED-360225,INV-2026-9327,1500.95,,"Nienow, Schimmel and Mante-Hodkiewicz",2026-08-05,pending,pay_VSQighuMAI3y2H
LED-921265,INV-2026-7779,2107.55,,"Effertz, Kuhlman and Renner-Johns",2026-08-28,pending,pay_rgFctmAHAuwpCl
LED-565755,INV-2026-1763,3782.79,,Carter - Rosenbaum-O'Reilly,2026-08-27,pending,pay_idR8ym7EwbbiW5
LED-191667,INV-2026-2342,3958.49,,"Zemlak, Feil and Wyman",2026-08-15,pending,pay_TinONUpIvjkmES
LED-689067,INV-2026-1715,1156.29,,"West, Herzog and Hilpert-Emard",2026-08-07,pending,
LED-974185,INV-2026-4914,1666.35,,"Bartoletti, Smitham and Abbott",2026-08-26,pending,pay_xjKaIIFrIq9mnJ
LED-391453,INV-2026-2317,4751.7,,Tromp-Ratke Group,2026-08-11,pending,
LED-096257,INV-2026-4298,1676.05,,O'Keefe - Klocko,2026-09-02,pending,pay_b2bBPKH8aQ4TaJ
LED-162109,INV-2026-4951,4551.09,,"Hoeger, Hagenes and Block",2026-08-20,pending,pay_f4WH9EYXbtSiUW
LED-749008,INV-2026-2697,2951.05,,Stoltenberg - Witting,2026-08-14,pending,
LED-797197,INV-2026-9696,1341.69,,"Gulgowski, Block and McClure",2026-08-07,pending,pay_mlBz8QvZT3ejrc
LED-221609,INV-2026-6565,4255.69,,"Toy-Ernser, Braun and Mraz-Auer",2026-08-28,pending,pay_RyH9tOZHD7Gi9g
LED-134461,INV-2026-3241,2639.65,,"McGlynn, Balistreri and Osinski",2026-09-02,pending,
LED-742305,INV-2026-4796,2500.39,,Hamill - Jaskolski,2026-08-22,pending,pay_AEgsonDwBimsOx
LED-761131,INV-2026-6250,2222.39,,Osinski - Ledner,2026-08-17,pending,pay_CXpCQbJYk4bcl2
LED-275619,INV-2026-1955,1863.45,,"Gorczany, O'Conner and Strosin",2026-08-30,pending,
LED-611510,INV-2026-8471,1341.59,,"Rolfson, Grady and Breitenberg",2026-08-14,pending,pay_20SKIeaCzHjJEi
LED-774157,INV-2026-8965,432.75,,Zieme - Kris,2026-08-22,pending,
LED-961149,INV-2026-5295,3329.62,,Feil Group,2026-08-22,pending,pay_ghBT8vielT96GQ
LED-355875,INV-2026-8124,2925.09,,"Hane, Yost and Fisher",2026-08-31,pending,pay_gMuzm0UZR29SYI
LED-181580,INV-2026-0797,705.89,,Shanahan - McCullough,2026-08-26,pending,
LED-139253,INV-2026-6265,4448.59,,"Cormier, Hauck and Torphy",2026-08-07,pending,pay_2nrt1lDpYWG0nR
LED-711930,INV-2026-5867,835.85,,Stiedemann-Windler and Sons,2026-08-08,pending,pay_f7vA3BOlfSllGx
LED-804307,INV-2026-0791,2697.19,,Prosacco LLC,2026-09-02,pending,pay_hFG02OiCE1cZeq
LED-607483,INV-2026-3637,2420.49,,"Schroeder, Nader and Littel",2026-08-23,pending,pay_fubnBgmyxSVbPt
LED-957931,INV-2026-9655,3724.69,,"Fritsch, Murray and Bednar",2026-08-14,pending,pay_PgYrzbBzVzdh4a
LED-924336,INV-2026-7644,1875.1,,Roob - Willms,2026-08-05,pending,pay_SsQzwnJJZbpNKk
LED-104760,INV-2026-3953,1765.15,,"Fritsch, Schinner and Langworth-Cruickshank",2026-08-05,pending,pay_RRbUMye94PdBLJ
LED-809473,INV-2026-0851,1238.09,,"Hills, Turner and Davis",2026-08-26,pending,pay_acUtOqQoOHEnYd
LED-793083,INV-2026-8190,969.95,,Brown - Hegmann,2026-08-15,pending,pay_T8qcZfL48NX6S8
LED-547241,INV-2026-7756,1810.9,,Schuppe - Kub,2026-08-28,pending,pay_J7j1VelzPAnBeN
LED-296796,INV-2026-8791,1108.68,,Mosciski and Sons,2026-08-20,pending,pay_NmCTYjj1SbDW5m
LED-710302,INV-2026-0246,1943.89,,"Kuhic, Torp and Jakubowski",2026-08-14,pending,
LED-235508,INV-2026-6677,3469.08,,Mertz - Langosh,2026-08-12,pending,pay_PWZV0Gx5AgoSog
LED-668168,INV-2026-8417,2211.79,,Goodwin - Murphy,2026-08-10,pending,pay_PdjU9Hj0vBqOx8
LED-642091,INV-2026-5278,2254.89,,"Williamson, Upton and Abshire",2026-08-07,pending,pay_i084tf2y9JlekR
LED-840667,INV-2026-9983,2307.59,,Morar - Schumm,2026-08-18,pending,pay_26n6UOAZporlTx
LED-648318,INV-2026-8636,2768.78,,Huels LLC,2026-08-28,pending,
LED-888567,INV-2026-1229,3720.2,,Zieme - Parisian,2026-08-15,pending,
LED-453065,INV-2026-1395,1399.49,,Douglas - Leffler,2026-08-11,pending,pay_7NXwWzueQjEj2M
LED-744039,INV-2026-5519,4055.3,,Brekke - Wiza,2026-08-09,pending,pay_z7D4bSKWyKxZFQ
LED-963627,INV-2026-7042,1567.45,,Medhurst LLC,2026-08-30,pending,pay_Y64hmqm0MYMLy5
LED-367295,INV-2026-9199,1932.11,,Hickle - D'Amore,2026-08-30,pending,pay_2QFeiS8cEL0GDE
LED-586257,INV-2026-3775,1219.95,,"Bartell, Dare and Conroy",2026-08-07,pending,
LED-251931,INV-2026-2832,1446.79,,"Ziemann, Batz and Koch-Morar",2026-08-22,pending,pay_F9hzMQGiLzEsWI
LED-532999,INV-2026-2774,1032.7,,Robel - Dach,2026-08-22,pending,pay_u58shNmUkCWy8J
LED-813882,INV-2026-9590,3607.09,,Price Inc,2026-08-08,pending,pay_URWxU8XBW7cpnx
LED-534169,INV-2026-0548,427.15,,Keebler Group,2026-08-20,pending,pay_zEfGXD8hBL2g5K
LED-761280,INV-2026-4730,2735.05,,Schuster and Sons,2026-08-16,pending,pay_Qq1GS743Y2hjII
LED-098632,INV-2026-9550,1718.49,,Heathcote LLC,2026-08-05,pending,pay_QlgOJIF506lcnF
LED-974026,INV-2026-1993,2633.99,,Sawayn-Satterfield Inc,2026-08-16,pending,pay_Jcq0Er9UUKrWKb
LED-516218,INV-2026-8349,4157.29,,Wunsch Group,2026-08-17,pending,pay_j3w1ZHnHi46s1e
LED-075055,INV-2026-7911,4888.15,,Will - Brakus,2026-08-09,pending,pay_I4yU1bHndq8Fwo
LED-974178,INV-2026-5202,2768.79,,Hermiston and Sons,2026-08-07,pending,pay_WbrrhidfCu9eMo
LED-653284,INV-2026-0656,3620.8,,Hermiston LLC,2026-08-20,pending,pay_2hoOaFAHSry5aM
LED-082127,INV-2026-1164,3124.35,,Collier - Erdman,2026-08-16,pending,pay_OmrjwvkyZTnmbj
LED-202098,INV-2026-4559,3819.9,,Wunsch Inc,2026-08-08,pending,pay_qOeOiT8UGhflFe
LED-579961,INV-2026-0745,620.05,,Collins - Botsford,2026-09-03,pending,pay_PsRY8kXiBsPy6M
LED-722897,INV-2026-4231,2066.79,,"Abernathy, Zemlak and Mann",2026-08-22,pending,pay_FnBx66Xi6y7DWF
LED-307665,INV-2026-1152,2701.25,,MacGyver-Balistreri and Sons,2026-08-26,pending,pay_ohuof02qpSralx
LED-901644,INV-2026-6766,4943.19,,Jacobson and Sons,2026-08-15,pending,pay_rncAbtanP8fRgJ
LED-055072,INV-2026-2619,4785.89,,"Hudson, Mitchell and Fritsch",2026-08-05,pending,pay_fpcrle30FDUXmw
LED-493510,INV-2026-6088,1798.29,,"Hermiston, Batz and Torphy",2026-08-22,pending,pay_Tx1xEhIPHYDHwV
LED-901111,INV-2026-2689,1102.8,,Kulas - Gorczany,2026-08-06,pending,
LED-727826,INV-2026-9088,751.25,,Little Inc,2026-08-06,pending,
LED-259799,INV-2026-0629,2903.3,,"D'Amore, Mante and Lowe",2026-08-29,pending,pay_lKb8pIXRW6lhEV
LED-591329,INV-2026-9301,2251.79,,"Sawayn, Dicki and Raynor-Rau",2026-08-20,pending,pay_eYz3x44TnnZelD
LED-544089,INV-2026-3952,3101.25,,Labadie Inc,2026-08-21,pending,pay_uoQOI6jyX5UwQf
LED-640675,INV-2026-8101,4902.21,,Smitham - Willms,2026-08-15,pending,pay_AkYahezuA22pJG
LED-575126,INV-2026-9148,4717.4,,Lowe - Pfannerstill,2026-08-27,pending,pay_LgNkfDkYiSNUP9
LED-852927,INV-2026-6750,1782.1,,"Smith, Gleichner and Bartoletti",2026-09-02,pending,pay_RBMx8fxZFfZTEh
LED-536686,INV-2026-0642,831.35,,Schowalter - Krajcik,2026-09-01,pending,pay_TBp5tksOJT3Ns3
LED-701614,INV-2026-6796,4506.05,,Will - Goldner,2026-08-24,pending,pay_BiYsoGhQhcVDq6
LED-560173,INV-2026-9689,4745.35,,"Jacobs, Wisoky and Hoppe",2026-08-14,pending,pay_pa4OUBprkftQyY
LED-321245,INV-2026-9105,3567.89,,"Parker, Mayert and Gleason",2026-08-23,pending,pay_zHZ0mXva7S5YBA
LED-069962,INV-2026-9389,2198.89,,"Ondricka, Kerluke and Effertz",2026-09-02,pending,
LED-555791,INV-2026-1692,884.15,,Marquardt Group,2026-08-26,pending,pay_1RTP4glJpeIVJR
LED-730738,INV-2026-5975,1121.95,,Zboncak - Kertzmann,2026-08-14,pending,pay_XEyIwYFCRjCAYL
LED-540194,INV-2026-4035,3860.9,,McKenzie - Funk,2026-08-19,pending,pay_MXWHLWS4P7KDDQ
LED-581744,INV-2026-0969,1446.59,,Gislason LLC,2026-08-20,pending,pay_bVEFgesIhaYiEo
LED-184271,INV-2026-6605,3504.4,,Sawayn - Kunze,2026-08-07,pending,pay_IPZ64vytJnf0lM
LED-450412,INV-2026-5373,860.7,,"Stehr, McCullough and Gutmann",2026-08-15,pending,pay_gw2HVnLECsxWwg
LED-288630,INV-2026-5420,1625.89,,Donnelly LLC,2026-08-24,pending,
LED-053587,INV-2026-9816,2578.69,,Lind - Dibbert,2026-08-11,pending,pay_5NnZxNM6ctFIs1
LED-071158,INV-2026-1835,1923.09,,"Buckridge, Hickle and Morissette",2026-08-15,pending,pay_DohAweZmrnS2g8
LED-706824,INV-2026-4975,2761.79,,"Howe, Schuppe and Sauer",2026-08-08,pending,pay_NaIJulk0UzFDfs
LED-386962,INV-2026-6330,3971.49,,"Greenfelder, Kreiger and Mills",2026-08-15,pending,
LED-932141,INV-2026-0326,1546.29,,Hills - Homenick,2026-08-17,pending,pay_6IAfV4qltPLIVT
LED-609261,INV-2026-8845,1256.19,,"Lang, Rosenbaum and Rolfson",2026-08-31,pending,
LED-709252,INV-2026-4878,3060.2,,"Runte, Wilkinson and Ruecker",2026-08-19,pending,pay_hDp16shc1JIiG6
LED-011513,INV-2026-6485,4476.35,,Hauck - Ferry,2026-08-14,pending,pay_RPzYHGN51H5RpH
LED-456076,INV-2026-7538,2841.65,,Denesik and Sons,2026-08-31,pending,
LED-605991,INV-2026-9100,817.25,,Wintheiser-Rath LLC,2026-08-09,pending,pay_HhPaug73uWRUgF
LED-595051,INV-2026-8968,1651.99,,"Smith, Ernser and Schimmel",2026-08-31,pending,pay_FdA9LgaNSjqMo1
LED-917292,INV-2026-9384,1407.15,,Boehm Group,2026-08-20,pending,pay_C5sUSIsgEOi7ml
LED-017125,INV-2026-8069,4234.8,,Muller and Sons,2026-08-23,pending,pay_4VQJ8hbiCclIkR
LED-728760,INV-2026-9680,3965.2,,"Aufderhar, Streich and Kohler",2026-09-01,pending,pay_qO6NZBFZjErADG
LED-268974,INV-2026-9877,115.5,,Gottlieb Inc,2026-08-25,pending,pay_rrdQRASRpDVii2
LED-680244,INV-2026-9514,2689.99,,"Orn, Johnston and Lehner",2026-08-14,pending,pay_Mc84DX6hUdnQaQ
LED-743608,INV-2026-7838,1897.16,,Berge Inc,2026-08-26,pending,pay_fZUCIpWrjYlh68
LED-162897,INV-2026-5893,1800.89,,Emard - Hane,2026-08-23,pending,pay_frPtfeL2mgsf7J
LED-410693,INV-2026-5341,4797.85,,Wiza and Sons,2026-08-14,pending,
LED-192607,INV-2026-3668,4729.05,,Yundt - O'Hara,2026-08-09,pending,pay_1N7XVRR6pi5Q9r
LED-895654,INV-2026-5924,3997.09,,Hudson - Johns,2026-08-26,pending,pay_vrWRkNmrGUZc7P
LED-520061,INV-2026-7466,2364.5,,Russel LLC,2026-08-06,pending,pay_v3Q3YY2apIFRLD
LED-281707,INV-2026-7178,3205,,Franey - Abbott,2026-08-05,pending,pay_2TqnZJ1Yt7yIvG
LED-602115,INV-2026-4171,2284.09,,Pacocha - Champlin,2026-09-03,pending,pay_HTRIs2GL4VQszi
LED-690283,INV-2026-4703,2609.95,,Schowalter - Swift,2026-08-13,pending,pay_kY8uqEjL9QuI0R
LED-905112,INV-2026-6691,474.5,,"Carroll, Effertz and Torphy",2026-08-29,pending,pay_2UdkLmC9xJguJ4
LED-114970,INV-2026-8400,1466.99,,Sauer and Sons,2026-08-20,pending,pay_EzV5ZWDuO5Gjt2
LED-209679,INV-2026-2897,2777.59,,"Langworth, Hansen and Tillman",2026-08-16,pending,pay_m6ct8jVU1AeS14
LED-718598,INV-2026-3527,2435.59,,Bergstrom - Hettinger,2026-08-22,pending,pay_a64K3j4VWoztXC
LED-462603,INV-2026-3467,331.85,,"Steuber, Reilly and Gibson",2026-08-22,pending,pay_oeT0UAEFzMI7jY
LED-593549,INV-2026-3635,2048.59,,Pacocha and Sons,2026-08-12,pending,
LED-843635,INV-2026-8902,4587.19,,Lowe - Trantow,2026-08-18,pending,pay_jwTHgnMKYSOzq9
LED-762452,INV-2026-3720,813.99,,Treutel - O'Hara,2026-08-26,pending,
LED-811402,INV-2026-6032,2278.55,,"Jerde, Macejkovic and Shields",2026-08-13,pending,pay_gzejGxnQ1HcoYf
LED-206316,INV-2026-7476,4832.79,,"Jast, Paucek and Hammes",2026-08-17,pending,pay_rYzGqU1aR6jAwA
LED-608345,INV-2026-9740,4715.65,,Shields - Brakus,2026-08-22,pending,pay_O6vodQwzNzcfQC
LED-162509,INV-2026-0338,1417.55,,Howell-Schoen - Shanahan,2026-09-02,pending,
LED-521551,INV-2026-0996,4486.59,,Shanahan LLC,2026-08-19,pending,
LED-859364,INV-2026-8965,4431.15,,Mueller Group,2026-08-29,pending,
LED-390806,INV-2026-8352,3449.75,,Lockman - Kshlerin,2026-08-27,pending,
LED-395521,INV-2026-7695,3878.1,,Senger - Steuber,2026-08-30,pending,pay_EdxZcfik3UmV6S
LED-437689,INV-2026-4556,2023.29,,Rutherford and Sons,2026-08-19,pending,pay_ySSsNt9u8MHucu
LED-950246,INV-2026-8381,663.55,,Steuber LLC,2026-08-24,pending,pay_wjA2BcciCQfC87
LED-281751,INV-2026-3373,4062.49,,Koss - Corwin,2026-08-11,pending,pay_4AfxIcjB4KqZDZ
LED-409892,INV-2026-3214,1529,,"Weber, Frami and Zulauf",2026-08-12,pending,
LED-988529,INV-2026-7336,4347.15,,Kuphal and Sons,2026-08-16,pending,pay_11WfQKcA1VoV8j
LED-899855,INV-2026-1290,3085.25,,Gorczany and Sons,2026-08-15,pending,
LED-439395,INV-2026-6330,4240.5,,Grady - Turner,2026-09-02,pending,pay_g1DBOaGvLxKuUo
LED-323779,INV-2026-9686,621.69,,Mann Group,2026-08-25,pending,pay_elxFmzLByhC4P8